"price","title"
"125,000 QAR/month","4 Bedroom Villa + Maids Room"
"75,000 QAR/month","Luxurious 6 Bedrooms Villa In The Pearl."
"75,000 QAR/month","Enchanting Beachfront Villa In The Pearl"
"70,000 QAR/month","Marvelous 5 En-suite Bedroom-The Pearl"
"65,000 QAR/month","Luxurious Stand Alone Villa In The Pearl"
"65,000 QAR/month","Nice 5 Bedroom Villa For Rent At The Pearl"
"65,000 QAR/month","Lovely Waterfront Villa At The Pearl"
"25,000 QAR/month","Modern & Luxurious Furnished Triplex Villa"
"25,000 QAR/month","Luxury Triplex Villa - Pearl.seaview ,1 Mnth Free"
